user_id,week_start_date,platform,posts_7d,avg_post_length,sentiment_mean,emoji_mean,night_post_ratio,first_person_rate,negation_rate,anxiety_lexicon_rate,depression_lexicon_rate,sleep_mention_rate,exercise_mention_rate,medication_mention_rate,crisis_term_rate,supportive_reply_ratio,interactions_received,phq9_score,depression_label
U0001,2025-01-06,Instagram,14,124,-0.266,1.39,0.397,0.227,0.132,0.047,0.332,0.053,0.0,0.105,0.043,0.182,13,13,1
U0001,2025-01-13,Twitter,7,126,-0.22,3.55,0.303,0.32,0.014,0.211,0.283,0.173,0.0,0.115,0.048,0.246,5,13,1
U0002,2025-01-06,Twitter,18,147,0.02,3.68,0.33,0.113,0.078,0.297,0.246,0.014,0.0,0.106,0.061,0.243,9,10,1
U0002,2025-01-13,Reddit,10,119,-0.382,2.5,0.312,0.136,0.194,0.22,0.341,0.182,0.0,0.077,0.057,0.183,7,14,1
U0003,2025-01-06,Reddit,16,134,-0.203,2.77,0.616,0.197,0.085,0.115,0.494,0.162,0.0,0.097,0.05,0.261,12,14,1
U0003,2025-01-13,TikTok,13,177,0.047,2.7,0.569,0.312,0.207,0.143,0.412,0.116,0.0,0.125,0.073,0.312,9,16,1
U0004,2025-01-06,TikTok,15,158,-0.077,3.57,0.37,0.212,0.168,0.132,0.276,0.082,0.0,0.132,0.076,0.148,10,9,0
U0004,2025-01-13,TikTok,20,122,0.2,2.95,0.388,0.173,0.091,0.187,0.283,0.212,0.037,0.134,0.081,0.245,16,12,1
U0005,2025-01-06,TikTok,18,129,0.082,0.67,0.419,0.299,0.056,0.237,0.334,0.216,0.0,0.167,0.078,0.035,15,12,1
U0005,2025-01-13,TikTok,22,174,-0.237,3.91,0.436,0.329,0.139,0.15,0.341,0.151,0.0,0.147,0.085,0.103,20,15,1
U0006,2025-01-06,Reddit,14,172,-0.888,2.81,0.611,0.299,0.291,0.211,0.583,0.184,0.0,0.183,0.089,0.323,9,24,1
U0006,2025-01-13,Twitter,19,154,-0.53,1.36,0.505,0.229,0.129,0.19,0.283,0.129,0.0,0.145,0.077,0.228,11,14,1
U0007,2025-01-06,Twitter,16,106,0.134,1.33,0.618,0.208,0.07,0.136,0.306,0.107,0.0,0.02,0.032,0.132,15,11,1
U0007,2025-01-13,Reddit,15,134,-0.525,2.66,0.586,0.214,0.086,0.328,0.252,0.092,0.0,0.107,0.034,0.221,9,14,1
U0008,2025-01-06,Twitter,9,77,0.065,2.59,0.414,0.089,0.107,0.0,0.0,0.033,0.125,0.012,0.0,0.105,8,5,0
U0008,2025-01-13,Twitter,20,84,0.119,2.92,0.42,0.122,0.07,0.034,0.117,0.162,0.062,0.02,0.051,0.093,15,6,0
U0009,2025-01-06,TikTok,20,132,0.215,2.86,0.428,0.29,0.109,0.117,0.225,0.125,0.0,0.098,0.06,0.099,8,10,1
U0009,2025-01-13,Twitter,15,148,-0.368,1.37,0.575,0.281,0.233,0.277,0.38,0.1,0.0,0.148,0.075,0.095,8,17,1
U0010,2025-01-06,TikTok,19,153,-0.49,0.56,0.546,0.374,0.224,0.282,0.415,0.117,0.0,0.13,0.094,0.344,12,21,1
U0010,2025-01-13,Instagram,16,187,-0.388,1.95,0.772,0.412,0.164,0.245,0.349,0.206,0.0,0.161,0.135,0.266,9,19,1
U0011,2025-01-06,Instagram,12,122,0.129,2.07,0.39,0.177,0.018,0.074,0.261,0.032,0.0,0.122,0.013,0.247,7,7,0
U0011,2025-01-13,Instagram,12,119,-0.018,2.7,0.388,0.128,0.144,0.054,0.243,0.088,0.084,0.002,0.041,0.141,12,9,0
U0012,2025-01-06,Twitter,17,126,0.101,0.75,0.489,0.301,0.144,0.222,0.424,0.052,0.009,0.116,0.068,0.261,15,15,1
U0012,2025-01-13,Instagram,13,138,-0.314,1.96,0.62,0.245,0.051,0.365,0.267,0.153,0.0,0.061,0.062,0.208,16,17,1
U0013,2025-01-06,Twitter,17,170,-0.343,2.28,0.465,0.487,0.12,0.345,0.436,0.146,0.0,0.159,0.114,0.303,11,19,1
U0013,2025-01-13,TikTok,15,130,-0.182,2.37,0.742,0.314,0.128,0.26,0.443,0.176,0.0,0.156,0.096,0.282,9,17,1
U0014,2025-01-06,Twitter,10,126,-0.153,1.58,0.389,0.233,0.047,0.1,0.148,0.082,0.0,0.05,0.065,0.163,8,9,0
U0014,2025-01-13,Twitter,13,120,0.132,1.14,0.283,0.219,0.015,0.065,0.23,0.193,0.0,0.12,0.054,0.109,9,11,1
U0015,2025-01-06,Instagram,16,189,-0.159,2.03,0.422,0.247,0.099,0.269,0.291,0.152,0.0,0.188,0.111,0.305,13,16,1
U0015,2025-01-13,Instagram,22,175,-0.049,2.45,0.364,0.26,0.124,0.291,0.213,0.257,0.0,0.183,0.087,0.387,17,11,1
U0016,2025-01-06,Reddit,12,118,0.043,2.89,0.444,0.187,0.071,0.09,0.175,0.112,0.091,0.115,0.006,0.317,11,7,0
U0016,2025-01-13,Instagram,13,105,0.114,2.04,0.259,0.19,0.171,0.195,0.106,0.148,0.032,0.011,0.049,0.132,13,8,0
U0017,2025-01-06,Twitter,16,92,-0.079,3.0,0.342,0.202,0.054,0.082,0.078,0.047,0.046,0.038,0.032,0.099,11,6,0
U0017,2025-01-13,Instagram,14,81,-0.144,4.04,0.48,0.18,0.08,0.168,0.183,0.096,0.0,0.087,0.038,0.134,12,11,1
U0018,2025-01-06,Twitter,13,67,0.311,2.72,0.305,0.138,0.116,0.138,0.271,0.142,0.0,0.106,0.033,0.167,9,8,0
U0018,2025-01-13,Twitter,16,82,0.18,0.92,0.335,0.139,0.074,0.097,0.068,0.121,0.0,0.136,0.0,0.172,13,4,0
U0019,2025-01-06,Twitter,17,122,-0.369,2.42,0.316,0.138,0.148,0.11,0.215,0.145,0.0,0.151,0.022,0.138,17,12,1
U0019,2025-01-13,Twitter,17,94,-0.144,4.07,0.454,0.35,0.166,0.204,0.233,0.125,0.0,0.167,0.108,0.123,7,12,1
U0020,2025-01-06,Twitter,8,105,-0.668,1.03,0.679,0.168,0.122,0.216,0.141,0.098,0.0,0.201,0.042,0.21,5,12,1
U0020,2025-01-13,Reddit,7,128,-0.313,2.11,0.559,0.3,0.284,0.169,0.234,0.192,0.0,0.129,0.091,0.0,6,13,1
U0021,2025-01-06,Twitter,17,151,-0.059,1.52,0.536,0.315,0.232,0.301,0.367,0.243,0.0,0.155,0.064,0.268,9,18,1
U0021,2025-01-13,Twitter,12,125,-0.231,2.1,0.439,0.273,0.101,0.144,0.363,0.115,0.004,0.142,0.056,0.169,5,14,1
U0022,2025-01-06,Reddit,8,95,0.034,2.71,0.368,0.158,0.11,0.172,0.185,0.044,0.105,0.034,0.052,0.244,5,10,1
U0022,2025-01-13,Twitter,8,129,-0.707,3.76,0.358,0.099,0.038,0.118,0.029,0.022,0.061,0.06,0.029,0.251,4,5,0
U0023,2025-01-06,Instagram,11,145,-0.261,2.18,0.435,0.181,0.166,0.117,0.399,0.175,0.0,0.054,0.081,0.319,7,13,1
U0023,2025-01-13,TikTok,9,129,-0.127,3.25,0.56,0.364,0.09,0.21,0.404,0.102,0.0,0.117,0.079,0.221,4,15,1
U0024,2025-01-06,Reddit,14,84,0.217,2.63,0.217,0.13,0.006,0.135,0.003,0.092,0.11,0.036,0.016,0.06,14,2,0
U0024,2025-01-13,TikTok,8,82,0.356,2.44,0.207,0.185,0.074,0.0,0.184,0.074,0.0,0.075,0.004,0.081,11,5,0
U0025,2025-01-06,Twitter,15,133,-0.313,1.18,0.575,0.364,0.224,0.175,0.385,0.137,0.0,0.198,0.064,0.287,15,15,1
U0025,2025-01-13,Twitter,17,123,-0.244,0.18,0.385,0.231,0.181,0.216,0.298,0.224,0.0,0.097,0.105,0.114,11,15,1
U0026,2025-01-06,Instagram,14,151,-0.494,2.37,0.548,0.263,0.185,0.35,0.313,0.06,0.0,0.206,0.101,0.344,14,16,1
U0026,2025-01-13,Instagram,15,118,-0.184,4.22,0.457,0.229,0.153,0.14,0.258,0.207,0.0,0.12,0.044,0.198,7,11,1
U0027,2025-01-06,Instagram,13,62,-0.205,3.23,0.123,0.05,0.067,0.1,0.127,0.064,0.062,0.048,0.0,0.188,13,7,0
U0027,2025-01-13,Twitter,8,91,-0.397,3.35,0.346,0.128,0.047,0.106,0.128,0.0,0.0,0.0,0.02,0.02,9,4,0
U0028,2025-01-06,Instagram,13,145,-0.496,1.53,0.347,0.301,0.203,0.191,0.298,0.232,0.0,0.118,0.088,0.179,15,16,1
U0028,2025-01-13,Reddit,12,107,0.13,1.64,0.599,0.246,0.221,0.255,0.163,0.208,0.0,0.192,0.082,0.107,11,13,1
U0029,2025-01-06,Twitter,15,113,-0.129,3.33,0.389,0.175,0.109,0.119,0.254,0.08,0.0,0.099,0.061,0.283,14,9,0
U0029,2025-01-13,Twitter,14,130,-0.001,4.37,0.595,0.181,0.104,0.123,0.168,0.052,0.003,0.094,0.049,0.187,14,9,0
U0030,2025-01-06,TikTok,31,175,-0.487,3.09,0.706,0.451,0.284,0.183,0.499,0.116,0.0,0.194,0.104,0.34,19,23,1
U0030,2025-01-13,Twitter,19,206,-0.783,2.47,0.479,0.204,0.196,0.286,0.455,0.308,0.0,0.12,0.151,0.293,9,23,1
U0031,2025-01-06,Instagram,6,132,0.212,2.48,0.187,0.207,0.103,0.194,0.145,0.043,0.05,0.075,0.033,0.227,3,8,0
U0031,2025-01-13,Instagram,12,138,-0.578,2.62,0.321,0.167,0.128,0.141,0.278,0.03,0.042,0.14,0.079,0.166,12,15,1
U0032,2025-01-06,Instagram,17,213,-0.446,0.98,0.445,0.263,0.184,0.35,0.409,0.192,0.0,0.212,0.126,0.262,10,17,1
U0032,2025-01-13,Instagram,20,181,-0.371,0.16,0.781,0.307,0.163,0.339,0.442,0.112,0.0,0.179,0.117,0.287,8,18,1
U0033,2025-01-06,TikTok,12,102,0.085,1.44,0.357,0.196,0.103,0.102,0.127,0.025,0.059,0.127,0.0,0.206,13,6,0
U0033,2025-01-13,Twitter,14,102,-0.066,2.84,0.396,0.16,0.054,0.018,0.225,0.096,0.182,0.0,0.018,0.181,9,8,0
U0034,2025-01-06,Twitter,15,63,-0.293,2.62,0.243,0.106,0.133,0.003,0.0,0.054,0.128,0.0,0.0,0.355,14,1,0
U0034,2025-01-13,Reddit,8,85,-0.087,1.31,0.286,0.183,0.096,0.0,0.046,0.028,0.043,0.112,0.019,0.282,5,3,0
U0035,2025-01-06,Reddit,14,144,-0.495,1.69,0.564,0.378,0.159,0.255,0.28,0.18,0.0,0.192,0.076,0.137,7,15,1
U0035,2025-01-13,Twitter,11,154,-0.44,1.56,0.64,0.324,0.206,0.254,0.41,0.137,0.0,0.138,0.101,0.248,2,19,1
U0036,2025-01-06,Twitter,15,65,0.386,1.69,0.316,0.072,0.063,0.168,0.0,0.035,0.042,0.025,0.032,0.105,20,3,0
U0036,2025-01-13,Twitter,19,70,-0.194,2.4,0.201,0.149,0.124,0.102,0.036,0.01,0.071,0.006,0.042,0.251,16,4,0
U0037,2025-01-06,Twitter,10,103,0.125,2.3,0.506,0.176,0.051,0.035,0.076,0.038,0.0,0.068,0.023,0.142,7,6,0
U0037,2025-01-13,Twitter,14,85,0.124,2.09,0.293,0.082,0.076,0.0,0.102,0.026,0.096,0.054,0.002,0.193,4,2,0
U0038,2025-01-06,TikTok,15,114,-0.043,2.72,0.507,0.197,0.176,0.247,0.26,0.135,0.0,0.162,0.1,0.084,4,13,1
U0038,2025-01-13,Twitter,12,122,-0.31,0.0,0.265,0.167,0.182,0.315,0.166,0.221,0.0,0.113,0.127,0.148,10,10,1
U0039,2025-01-06,TikTok,13,94,0.117,0.31,0.489,0.207,0.073,0.145,0.261,0.146,0.0,0.108,0.056,0.375,8,11,1
U0039,2025-01-13,TikTok,11,98,-0.113,2.33,0.429,0.216,0.143,0.193,0.022,0.058,0.0,0.073,0.062,0.208,4,7,0
U0040,2025-01-06,Twitter,16,137,-0.041,2.22,0.478,0.162,0.16,0.182,0.349,0.069,0.0,0.08,0.063,0.149,9,14,1
U0040,2025-01-13,Instagram,20,130,-0.505,2.58,0.416,0.287,0.197,0.235,0.397,0.115,0.0,0.164,0.054,0.242,17,17,1
U0041,2025-01-06,Instagram,22,176,-0.954,1.22,0.502,0.306,0.184,0.155,0.366,0.282,0.0,0.251,0.108,0.19,21,18,1
U0041,2025-01-13,Instagram,9,165,-0.171,0.92,0.504,0.365,0.155,0.365,0.476,0.114,0.0,0.233,0.087,0.243,9,22,1
U0042,2025-01-06,Twitter,9,171,-0.16,1.82,0.589,0.307,0.216,0.176,0.359,0.158,0.0,0.182,0.098,0.15,6,17,1
U0042,2025-01-13,Twitter,20,163,-0.153,1.38,0.609,0.222,0.138,0.311,0.508,0.172,0.0,0.147,0.101,0.204,13,18,1
U0043,2025-01-06,Twitter,12,107,-0.13,4.05,0.351,0.194,0.146,0.1,0.118,0.077,0.005,0.069,0.046,0.149,7,7,0
U0043,2025-01-13,Instagram,13,118,0.414,2.28,0.444,0.19,0.134,0.091,0.0,0.047,0.071,0.076,0.043,0.259,15,2,0
U0044,2025-01-06,TikTok,11,106,-0.025,2.67,0.311,0.095,0.127,0.058,0.086,0.112,0.112,0.028,0.006,0.192,12,5,0
U0044,2025-01-13,Instagram,12,86,0.246,5.33,0.236,0.019,0.067,0.067,0.208,0.061,0.065,0.081,0.0,0.19,16,5,0
U0045,2025-01-06,Instagram,18,109,0.26,2.58,0.325,0.125,0.033,0.096,0.125,0.09,0.058,0.0,0.018,0.146,20,2,0
U0045,2025-01-13,TikTok,12,44,0.501,3.23,0.195,0.076,0.076,0.159,0.06,0.09,0.023,0.038,0.026,0.226,10,1,0
U0046,2025-01-06,Instagram,10,100,-0.094,3.11,0.407,0.241,0.116,0.226,0.201,0.132,0.024,0.109,0.032,0.117,7,10,1
U0046,2025-01-13,Twitter,19,92,-0.136,3.3,0.204,0.131,0.056,0.13,0.227,0.153,0.035,0.03,0.039,0.115,18,7,0
U0047,2025-01-06,TikTok,21,176,-0.658,2.08,0.449,0.395,0.248,0.382,0.365,0.238,0.0,0.151,0.111,0.304,10,20,1
U0047,2025-01-13,Reddit,21,197,0.028,1.79,0.398,0.198,0.234,0.307,0.666,0.311,0.0,0.209,0.131,0.273,15,21,1
U0048,2025-01-06,Twitter,18,129,-0.207,1.82,0.552,0.312,0.145,0.351,0.347,0.241,0.0,0.231,0.126,0.279,11,17,1
U0048,2025-01-13,Reddit,12,188,-0.209,1.12,0.737,0.394,0.287,0.311,0.492,0.15,0.0,0.121,0.074,0.27,11,22,1
U0049,2025-01-06,TikTok,5,62,0.88,3.08,0.3,0.07,0.066,0.031,0.153,0.093,0.042,0.0,0.0,0.251,4,2,0
U0049,2025-01-13,Twitter,5,64,0.175,4.76,0.381,0.117,0.008,0.086,0.027,0.089,0.0,0.005,0.016,0.258,3,4,0
U0050,2025-01-06,Reddit,18,110,-0.393,3.54,0.652,0.173,0.072,0.189,0.172,0.2,0.0,0.032,0.054,0.154,13,11,1
U0050,2025-01-13,Twitter,14,111,-0.133,2.59,0.468,0.163,0.193,0.16,0.315,0.06,0.014,0.04,0.051,0.068,8,13,1
U0051,2025-01-06,Twitter,12,143,-0.652,2.33,0.554,0.361,0.311,0.353,0.479,0.238,0.0,0.161,0.105,0.253,6,23,1
U0051,2025-01-13,Twitter,18,190,-0.519,0.58,0.575,0.274,0.274,0.391,0.506,0.18,0.0,0.253,0.112,0.242,15,20,1
U0052,2025-01-06,Instagram,13,123,-0.139,2.14,0.399,0.178,0.17,0.137,0.041,0.12,0.034,0.072,0.056,0.261,9,7,0
U0052,2025-01-13,TikTok,9,133,-0.198,3.32,0.344,0.221,0.169,0.0,0.257,0.088,0.009,0.09,0.022,0.272,11,10,1
U0053,2025-01-06,Twitter,17,132,-0.564,3.45,0.454,0.249,0.188,0.345,0.348,0.174,0.0,0.102,0.127,0.167,12,18,1
U0053,2025-01-13,Twitter,21,141,0.178,1.18,0.611,0.204,0.178,0.209,0.319,0.081,0.0,0.167,0.081,0.191,15,14,1
U0054,2025-01-06,Twitter,24,142,-0.154,1.45,0.62,0.329,0.191,0.177,0.364,0.194,0.0,0.219,0.103,0.136,12,16,1
U0054,2025-01-13,Twitter,15,175,-0.276,4.13,0.348,0.308,0.198,0.151,0.288,0.162,0.0,0.106,0.069,0.262,5,15,1
U0055,2025-01-06,Reddit,12,79,0.005,2.14,0.408,0.186,0.113,0.189,0.245,0.148,0.0,0.199,0.086,0.237,7,12,1
U0055,2025-01-13,Instagram,17,110,-0.032,3.95,0.422,0.156,0.176,0.156,0.251,0.227,0.0,0.134,0.07,0.293,16,11,1
U0056,2025-01-06,Instagram,13,109,0.034,2.62,0.457,0.126,0.176,0.086,0.144,0.074,0.0,0.084,0.063,0.233,11,7,0
U0056,2025-01-13,Reddit,9,87,0.14,2.67,0.509,0.214,0.092,0.088,0.379,0.109,0.0,0.098,0.041,0.241,8,11,1
U0057,2025-01-06,Reddit,9,85,0.109,2.38,0.598,0.151,0.053,0.119,0.185,0.064,0.009,0.064,0.056,0.036,6,7,0
U0057,2025-01-13,Twitter,13,101,0.163,3.43,0.331,0.217,0.118,0.265,0.077,0.094,0.035,0.148,0.011,0.134,13,8,0
U0058,2025-01-06,Twitter,15,110,0.076,3.58,0.404,0.197,0.095,0.234,0.428,0.229,0.017,0.128,0.08,0.294,9,16,1
U0058,2025-01-13,TikTok,17,131,-0.11,1.09,0.528,0.178,0.074,0.274,0.234,0.133,0.0,0.141,0.07,0.186,15,14,1
U0059,2025-01-06,Instagram,22,163,-0.325,1.47,0.475,0.341,0.234,0.228,0.365,0.138,0.0,0.14,0.07,0.137,15,15,1
U0059,2025-01-13,TikTok,16,139,0.152,2.84,0.505,0.235,0.142,0.243,0.414,0.248,0.0,0.178,0.122,0.319,9,17,1
U0060,2025-01-06,TikTok,9,85,-0.071,2.49,0.303,0.158,0.078,0.126,0.0,0.052,0.024,0.019,0.067,0.121,7,5,0
U0060,2025-01-13,Instagram,9,72,0.255,2.4,0.015,0.006,0.013,0.0,0.021,0.0,0.0,0.028,0.0,0.218,13,0,0
U0061,2025-01-06,TikTok,21,183,-0.354,2.37,0.673,0.333,0.299,0.319,0.451,0.188,0.0,0.331,0.129,0.324,8,21,1
U0061,2025-01-13,Reddit,13,140,-0.565,2.57,0.614,0.408,0.264,0.386,0.488,0.149,0.0,0.101,0.131,0.289,10,22,1
U0062,2025-01-06,Twitter,11,78,-0.008,2.54,0.381,0.04,0.02,0.099,0.048,0.0,0.07,0.021,0.012,0.231,10,6,0
U0062,2025-01-13,Twitter,9,64,0.082,3.14,0.269,0.142,0.0,0.04,0.026,0.011,0.08,0.03,0.038,0.025,5,2,0
U0063,2025-01-06,Twitter,8,105,0.008,1.62,0.168,0.0,0.034,0.0,0.051,0.038,0.0,0.023,0.041,0.256,3,3,0
U0063,2025-01-13,Twitter,7,88,-0.213,1.98,0.254,0.068,0.074,0.023,0.142,0.094,0.066,0.017,0.016,0.084,2,6,0
U0064,2025-01-06,Reddit,12,120,-0.124,2.72,0.142,0.14,0.09,0.0,0.158,0.102,0.0,0.064,0.078,0.183,15,4,0
U0064,2025-01-13,Instagram,18,67,0.159,2.76,0.196,0.231,0.069,0.079,0.094,0.083,0.0,0.033,0.041,0.167,15,5,0
U0065,2025-01-06,Instagram,17,94,0.324,1.55,0.434,0.094,0.101,0.134,0.167,0.035,0.0,0.079,0.031,0.146,15,9,0
U0065,2025-01-13,Reddit,12,98,0.025,1.5,0.421,0.257,0.166,0.158,0.41,0.162,0.0,0.088,0.05,0.157,7,14,1
U0066,2025-01-06,Twitter,17,108,-0.756,1.17,0.534,0.277,0.124,0.19,0.255,0.185,0.0,0.187,0.084,0.186,10,17,1
U0066,2025-01-13,Instagram,11,139,0.098,2.8,0.217,0.151,0.134,0.18,0.16,0.122,0.0,0.082,0.035,0.121,13,9,0
U0067,2025-01-06,Reddit,14,140,-0.179,0.43,0.376,0.163,0.056,0.158,0.018,0.116,0.031,0.108,0.039,0.352,7,6,0
U0067,2025-01-13,Twitter,11,85,0.083,1.41,0.346,0.189,0.23,0.051,0.053,0.029,0.0,0.055,0.04,0.153,12,4,0
U0068,2025-01-06,Twitter,16,118,-0.142,0.29,0.557,0.139,0.122,0.172,0.222,0.179,0.0,0.153,0.073,0.319,9,10,1
U0068,2025-01-13,Twitter,15,117,-0.135,2.7,0.496,0.178,0.13,0.192,0.215,0.199,0.066,0.129,0.052,0.292,10,13,1
U0069,2025-01-06,Twitter,9,113,-0.016,0.72,0.433,0.24,0.118,0.226,0.103,0.096,0.0,0.086,0.011,0.208,9,9,0
U0069,2025-01-13,Instagram,9,65,0.012,2.58,0.518,0.191,0.066,0.092,0.178,0.047,0.076,0.026,0.059,0.166,5,6,0
U0070,2025-01-06,Instagram,15,143,-0.076,3.11,0.596,0.339,0.222,0.365,0.418,0.203,0.0,0.171,0.109,0.327,9,20,1
U0070,2025-01-13,Instagram,21,174,-0.354,3.3,0.727,0.327,0.201,0.356,0.34,0.171,0.0,0.249,0.145,0.337,13,17,1
U0071,2025-01-06,Twitter,13,58,0.306,0.78,0.249,0.187,0.036,0.089,0.189,0.054,0.001,0.031,0.039,0.18,10,5,0
U0071,2025-01-13,Instagram,17,97,0.217,2.75,0.278,0.222,0.12,0.209,0.296,0.12,0.07,0.104,0.068,0.063,12,11,1
U0072,2025-01-06,Instagram,11,120,0.085,1.31,0.501,0.17,0.035,0.245,0.121,0.122,0.0,0.06,0.067,0.062,7,13,1
U0072,2025-01-13,Twitter,8,124,-0.517,1.13,0.269,0.291,0.202,0.252,0.235,0.155,0.0,0.135,0.079,0.325,6,15,1
U0073,2025-01-06,Instagram,10,79,0.403,2.7,0.355,0.192,0.094,0.09,0.0,0.062,0.032,0.006,0.028,0.0,15,3,0
U0073,2025-01-13,Reddit,13,84,-0.05,3.89,0.345,0.18,0.104,0.253,0.0,0.019,0.001,0.014,0.032,0.178,7,6,0
U0074,2025-01-06,Reddit,15,126,0.142,3.01,0.506,0.133,0.017,0.096,0.135,0.069,0.0,0.056,0.068,0.175,5,9,0
U0074,2025-01-13,Twitter,14,117,-0.289,1.67,0.398,0.126,0.067,0.292,0.297,0.069,0.043,0.065,0.098,0.21,10,15,1
U0075,2025-01-06,Reddit,11,138,-0.57,2.52,0.551,0.268,0.247,0.31,0.295,0.159,0.0,0.174,0.085,0.177,8,17,1
U0075,2025-01-13,Twitter,16,167,0.131,0.0,0.653,0.33,0.414,0.395,0.359,0.286,0.0,0.189,0.124,0.324,6,19,1
U0076,2025-01-06,Twitter,13,182,-0.645,0.73,0.562,0.239,0.279,0.3,0.467,0.307,0.0,0.155,0.115,0.326,6,20,1
U0076,2025-01-13,Twitter,12,208,-0.118,0.67,0.557,0.374,0.271,0.381,0.466,0.251,0.0,0.198,0.125,0.53,7,22,1
U0077,2025-01-06,TikTok,22,165,-0.237,1.91,0.589,0.361,0.202,0.353,0.289,0.172,0.0,0.11,0.09,0.276,14,19,1
U0077,2025-01-13,Twitter,18,185,-0.434,1.48,0.578,0.346,0.153,0.208,0.585,0.117,0.0,0.201,0.058,0.393,8,17,1
U0078,2025-01-06,Reddit,13,99,-0.057,2.24,0.363,0.147,0.157,0.131,0.17,0.108,0.0,0.12,0.044,0.077,8,8,0
U0078,2025-01-13,Twitter,14,107,-0.41,2.11,0.42,0.157,0.064,0.012,0.234,0.069,0.026,0.098,0.075,0.291,11,8,0
U0079,2025-01-06,TikTok,13,102,-0.027,2.46,0.549,0.196,0.039,0.119,0.142,0.171,0.018,0.091,0.029,0.208,18,9,0
U0079,2025-01-13,Reddit,16,103,-0.285,3.0,0.34,0.165,0.033,0.07,0.21,0.007,0.025,0.147,0.061,0.209,10,7,0
U0080,2025-01-06,TikTok,20,114,-0.278,2.2,0.44,0.272,0.197,0.194,0.405,0.158,0.0,0.122,0.077,0.261,18,14,1
U0080,2025-01-13,Twitter,19,165,0.021,1.69,0.335,0.295,0.155,0.43,0.467,0.104,0.0,0.1,0.075,0.385,9,19,1
U0081,2025-01-06,Twitter,10,112,0.112,3.02,0.341,0.212,0.082,0.216,0.055,0.067,0.063,0.081,0.049,0.188,7,6,0
U0081,2025-01-13,Reddit,13,99,-0.384,3.29,0.449,0.106,0.096,0.026,0.269,0.12,0.0,0.032,0.056,0.124,14,11,1
U0082,2025-01-06,Twitter,12,149,0.022,1.47,0.578,0.264,0.096,0.254,0.353,0.193,0.0,0.124,0.084,0.193,3,16,1
U0082,2025-01-13,Instagram,15,144,-0.21,1.92,0.516,0.237,0.124,0.28,0.404,0.145,0.0,0.114,0.099,0.313,12,18,1
U0083,2025-01-06,TikTok,16,140,-0.267,3.33,0.553,0.219,0.103,0.162,0.25,0.162,0.0,0.086,0.068,0.259,10,12,1
U0083,2025-01-13,Reddit,9,100,0.051,1.06,0.533,0.279,0.065,0.2,0.245,0.092,0.0,0.105,0.032,0.102,5,11,1
U0084,2025-01-06,TikTok,13,121,-0.164,4.0,0.563,0.279,0.105,0.2,0.336,0.133,0.0,0.147,0.055,0.262,9,14,1
U0084,2025-01-13,Reddit,18,141,-0.513,0.61,0.612,0.348,0.108,0.137,0.412,0.202,0.0,0.186,0.045,0.165,16,19,1
U0085,2025-01-06,Twitter,17,172,0.139,1.35,0.734,0.334,0.222,0.209,0.543,0.2,0.0,0.21,0.113,0.318,10,20,1
U0085,2025-01-13,Reddit,21,132,-0.243,0.95,0.507,0.265,0.2,0.251,0.357,0.131,0.0,0.161,0.102,0.193,15,16,1
U0086,2025-01-06,Twitter,6,28,0.125,5.05,0.152,0.089,0.0,0.054,0.041,0.023,0.007,0.017,0.031,0.115,6,3,0
U0086,2025-01-13,Instagram,10,51,0.074,2.43,0.332,0.0,0.023,0.0,0.0,0.079,0.137,0.0,0.017,0.084,8,4,0
U0087,2025-01-06,Twitter,17,126,0.157,1.65,0.54,0.308,0.229,0.134,0.119,0.071,0.0,0.13,0.085,0.347,18,10,1
U0087,2025-01-13,Twitter,8,128,-0.264,1.8,0.615,0.206,0.085,0.18,0.224,0.077,0.061,0.023,0.033,0.256,5,11,1
U0088,2025-01-06,Reddit,16,147,-0.448,2.44,0.542,0.225,0.133,0.213,0.107,0.132,0.0,0.015,0.049,0.303,10,14,1
U0088,2025-01-13,Twitter,17,143,-0.331,1.77,0.67,0.279,0.148,0.195,0.354,0.111,0.0,0.116,0.041,0.464,13,18,1
U0089,2025-01-06,Twitter,12,142,0.12,1.84,0.569,0.185,0.213,0.339,0.201,0.076,0.0,0.149,0.072,0.252,16,14,1
U0089,2025-01-13,Instagram,19,141,-0.01,0.0,0.534,0.208,0.176,0.18,0.279,0.218,0.0,0.123,0.113,0.371,19,13,1
U0090,2025-01-06,Twitter,16,149,-0.2,2.22,0.322,0.32,0.114,0.202,0.221,0.07,0.021,0.177,0.087,0.169,15,11,1
U0090,2025-01-13,Reddit,14,115,0.209,2.18,0.49,0.244,0.138,0.162,0.369,0.114,0.0,0.133,0.078,0.325,12,10,1
U0091,2025-01-06,Twitter,16,125,0.043,3.18,0.41,0.196,0.141,0.233,0.213,0.096,0.003,0.107,0.063,0.163,17,12,1
U0091,2025-01-13,Twitter,10,107,-0.216,3.44,0.489,0.225,0.135,0.14,0.313,0.114,0.0,0.175,0.048,0.228,8,13,1
U0092,2025-01-06,Twitter,6,168,-0.253,1.78,0.512,0.325,0.093,0.36,0.336,0.104,0.0,0.201,0.083,0.291,3,13,1
U0092,2025-01-13,Instagram,14,160,-0.196,2.62,0.596,0.345,0.242,0.141,0.45,0.205,0.0,0.18,0.114,0.325,10,20,1
U0093,2025-01-06,TikTok,20,156,-0.59,0.44,0.604,0.247,0.265,0.431,0.523,0.207,0.0,0.161,0.119,0.2,6,22,1
U0093,2025-01-13,Twitter,14,166,-0.372,2.33,0.702,0.429,0.157,0.313,0.437,0.248,0.0,0.167,0.078,0.23,11,20,1
U0094,2025-01-06,TikTok,16,119,0.043,1.84,0.124,0.241,0.088,0.176,0.033,0.063,0.003,0.025,0.048,0.242,11,3,0
U0094,2025-01-13,Reddit,11,106,-0.467,1.2,0.422,0.178,0.095,0.236,0.173,0.203,0.0,0.085,0.01,0.167,9,12,1
U0095,2025-01-06,Instagram,8,90,-0.034,2.35,0.487,0.09,0.031,0.174,0.148,0.0,0.046,0.026,0.053,0.067,6,8,0
U0095,2025-01-13,Instagram,16,90,-0.073,3.91,0.561,0.23,0.0,0.068,0.184,0.003,0.05,0.059,0.025,0.176,19,8,0
U0096,2025-01-06,Instagram,12,88,0.383,3.0,0.37,0.141,0.02,0.099,0.0,0.131,0.126,0.044,0.0,0.134,13,2,0
U0096,2025-01-13,Instagram,8,77,-0.354,4.26,0.477,0.033,0.041,0.197,0.183,0.073,0.0,0.0,0.036,0.163,9,13,1
U0097,2025-01-06,Reddit,22,165,-0.5,0.74,0.645,0.331,0.147,0.26,0.465,0.226,0.0,0.148,0.127,0.351,10,18,1
U0097,2025-01-13,Reddit,22,146,-0.519,2.55,0.624,0.529,0.226,0.467,0.376,0.228,0.0,0.177,0.119,0.344,7,21,1
U0098,2025-01-06,Twitter,12,95,0.293,1.98,0.395,0.145,0.134,0.121,0.079,0.095,0.006,0.054,0.073,0.105,10,7,0
U0098,2025-01-13,Twitter,14,91,0.035,2.84,0.346,0.103,0.12,0.067,0.299,0.083,0.0,0.038,0.044,0.135,19,8,0
U0099,2025-01-06,Instagram,15,101,0.422,2.65,0.314,0.119,0.095,0.071,0.24,0.043,0.0,0.07,0.032,0.265,10,5,0
U0099,2025-01-13,Twitter,10,120,0.09,2.97,0.371,0.307,0.024,0.142,0.311,0.147,0.0,0.068,0.064,0.163,8,13,1
U0100,2025-01-06,Twitter,17,139,-0.221,2.45,0.338,0.27,0.165,0.042,0.155,0.153,0.061,0.052,0.056,0.188,14,10,1
U0100,2025-01-13,Twitter,13,140,-0.071,1.43,0.51,0.309,0.141,0.156,0.196,0.195,0.0,0.092,0.089,0.103,12,13,1
